delta_t,ysz_tgo_max_sigma_yy,ysz_tgo_max_tau_xy,ysz_tgo_mean_sed,tgo_bc_max_sigma_yy,tgo_bc_max_tau_xy,tgo_bc_mean_sed,tgo_thickness_um,ysz_thickness_um,bondcoat_thickness_um,source_file,risk
736.4396827100925,4340495141.434345,519929822.03762895,45048989.44906578,4335527776.479189,655549758.9658026,45125690.70001065,3.3137943148183022,200.0,150.0,sweep_dataset_lhs_final.csv,45125690.70001065
948.1624047041282,5578118136.17573,729138943.7378341,74959438.51363423,5568953237.814075,750799093.7803507,75006480.96610875,1.2659693910013978,200.0,150.0,sweep_dataset_lhs_final.csv,75006480.96610875
909.2206481212318,5357366451.32342,616111683.1920357,68582359.54026422,5356886460.679573,775726005.522354,68707048.4460267,4.087335815371113,200.0,150.0,sweep_dataset_lhs_final.csv,68707048.4460267
1076.1032802395666,6343394299.251807,790768373.2133476,96301727.09336728,6332225426.784819,938323470.780968,96435738.14671768,2.6444964592460174,200.0,150.0,sweep_dataset_lhs_final.csv,96435738.14671768
916.1551095551245,5392728454.729408,594463080.6933177,69545760.1972934,5398455052.362534,785163049.3266882,69692150.93420796,4.8383603709028415,200.0,150.0,sweep_dataset_lhs_final.csv,69692150.93420796
857.9020784388225,5020603120.53257,648854725.6757555,61499155.662434995,5018620445.998537,636922703.3061448,61505661.83955452,0.2012441634876825,200.0,150.0,sweep_dataset_lhs_final.csv,61505661.83955452
728.1439062622738,4292107763.727912,508065435.25182223,44017530.69750356,4289327559.399137,618416888.7027074,44090095.18773883,3.6555504644334857,200.0,150.0,sweep_dataset_lhs_final.csv,44090095.18773883
601.7058796581204,3541804984.1569233,389888781.7862944,30014885.55489523,3543588716.8386784,548014499.4282665,30081063.84270086,4.447041409992781,200.0,150.0,sweep_dataset_lhs_final.csv,30081063.84270086
744.0412281285255,4372234316.1737,572710236.734179,46188141.779418334,4366110824.050196,577712955.8594569,46210032.65611546,0.9405606430555618,200.0,150.0,sweep_dataset_lhs_final.csv,46210032.65611546
713.2818556406269,4200766008.2832575,475642862.6440383,42203823.00864597,4200415277.084406,645837671.9953026,42290336.03413196,4.0907237894931585,200.0,150.0,sweep_dataset_lhs_final.csv,42290336.03413196
818.2971864468359,4815941053.204537,629188841.2158711,55815991.66669897,4806692292.168023,670924727.8858472,55859156.552156985,1.3947632785667718,200.0,150.0,sweep_dataset_lhs_final.csv,55859156.552156985
1014.398625192713,5971417316.787832,659059478.8684123,85313082.14773358,5974001060.016638,923304217.4758143,85499661.98611397,4.405709613137926,200.0,150.0,sweep_dataset_lhs_final.csv,85499661.98611397
1090.1640970412525,6421925755.203449,727350169.2640365,98560346.92426232,6423316580.448392,931671784.586584,98747683.07893516,4.301081973297219,200.0,150.0,sweep_dataset_lhs_final.csv,98747683.07893516
669.3206083204582,3939785591.4488792,514072649.0582409,37338168.66496479,3932106769.7909527,550993611.4150244,37368239.58425365,1.456719901239654,200.0,150.0,sweep_dataset_lhs_final.csv,37368239.58425365
760.9903861110436,4474845210.602337,585758892.4028474,48299410.99001942,4467916465.887531,597590175.3745259,48326424.963134654,1.120171928848782,200.0,150.0,sweep_dataset_lhs_final.csv,48326424.963134654
940.0858421206468,5541012951.81083,667131587.7446389,73418459.71572262,5534185562.163872,835076517.830596,73540836.02712187,3.235482847909387,200.0,150.0,sweep_dataset_lhs_final.csv,73540836.02712187
717.5813798040165,4218921454.4812546,553572825.5177416,42949489.331946954,4211768831.0220313,574580152.4693131,42975289.91516046,1.0662867870368369,200.0,150.0,sweep_dataset_lhs_final.csv,42975289.91516046
709.4124091152592,4181353022.9321127,491613762.32736504,41774490.29946056,4179179032.0648127,603265746.1221031,41845093.61768267,3.7605556769108457,200.0,150.0,sweep_dataset_lhs_final.csv,41845093.61768267
981.6482750472176,5771199953.196346,755716265.1611832,80379253.71342443,5762514625.916846,768189107.964473,80422029.6762547,1.0627663252815798,200.0,150.0,sweep_dataset_lhs_final.csv,80422029.6762547
930.5718861335556,5480369212.667848,710791395.2527481,72147065.57211797,5470528646.867181,751867628.1536677,72206025.89788753,1.680705208028579,200.0,150.0,sweep_dataset_lhs_final.csv,72206025.89788753
871.7202460339546,5134139599.097158,583183599.3602253,63039638.77742841,5133385839.757521,788711628.7154133,63167737.97547838,4.050067763758697,200.0,150.0,sweep_dataset_lhs_final.csv,63167737.97547838
791.5253620707543,4642477483.61634,607172694.1680912,52313154.78936239,4637591847.955639,603899565.0121862,52329457.522195235,0.5377052429305251,200.0,150.0,sweep_dataset_lhs_final.csv,52329457.522195235
1000.3372641347976,5866625739.239861,766993019.0147811,83558347.29457475,5860612870.300831,761801687.9689106,83583570.95522478,0.5203309696316765,200.0,150.0,sweep_dataset_lhs_final.csv,83583570.95522478
607.9609295267467,3577664083.0771656,392807001.2855018,30633836.45695124,3580487814.132867,555002317.3599938,30703519.26985394,4.60953335722424,200.0,150.0,sweep_dataset_lhs_final.csv,30703519.26985394
758.5936009038932,4471340244.595856,564137041.087917,47877583.18942253,4462843141.98575,655484185.7812151,47938750.13851637,2.4057722112731663,200.0,150.0,sweep_dataset_lhs_final.csv,47938750.13851637
602.6345525470056,3552422661.912326,436396339.1616289,30187655.97570417,3546897213.4486265,530181910.4950655,30233406.202690583,2.908106909372819,200.0,150.0,sweep_dataset_lhs_final.csv,30233406.202690583
691.9926088829586,4080089385.7811146,501428648.99566704,39799090.22271041,4074781011.794728,581829220.708381,39854437.18413959,3.016953105836874,200.0,150.0,sweep_dataset_lhs_final.csv,39854437.18413959
622.0493864039825,3662632281.3936057,409330131.53719777,32089216.990885276,3663285831.8196383,564821678.0575091,32157283.8984876,4.253929067617177,200.0,150.0,sweep_dataset_lhs_final.csv,32157283.8984876
700.1787170165585,4099159920.872749,530854242.1338991,40960249.506805904,4097151766.618818,519050931.4133343,40965707.020922534,0.2543002846401914,200.0,150.0,sweep_dataset_lhs_final.csv,40965707.020922534
845.4478168937195,4981237995.205721,641610608.0259125,59524301.40311295,4972220169.795362,689837265.3838823,59579451.58310291,1.9260343718188664,200.0,150.0,sweep_dataset_lhs_final.csv,59579451.58310291
902.4013843209376,5304090050.546459,694712268.2980018,67933439.94462419,5296373214.106546,703473174.5530833,67967623.85883212,1.0017698538134354,200.0,150.0,sweep_dataset_lhs_final.csv,67967623.85883212
844.6831823719701,4976225510.874977,574844268.533053,59212118.73620136,4973856693.790437,760985136.7855198,59326675.96848444,3.8296453201486695,200.0,150.0,sweep_dataset_lhs_final.csv,59326675.96848444
898.2373857135651,5294219651.910843,635570072.2648188,67022163.89201055,5287959249.577778,798865770.1971191,67135250.35199395,3.280229607552641,200.0,150.0,sweep_dataset_lhs_final.csv,67135250.35199395
639.0748505114742,3759546985.907659,411494289.3389751,33839290.26058218,3763769341.734874,584798374.6539941,33918905.635054395,4.792447581541366,200.0,150.0,sweep_dataset_lhs_final.csv,33918905.635054395
1053.0475313181776,6207155060.97314,780341078.067521,92246853.7206102,6195596728.6262865,912574628.66476,92367973.37221634,2.4795645118317045,200.0,150.0,sweep_dataset_lhs_final.csv,92367973.37221634
800.0147250832937,4708855065.975828,518090092.07566047,53056681.719876654,4711495834.434971,728984915.6278582,53174419.0124195,4.480064504689357,200.0,150.0,sweep_dataset_lhs_final.csv,53174419.0124195
1092.6995350476905,6441464637.109028,767452032.612259,99144641.50505435,6436518000.326194,926798489.8106996,99304018.38211904,3.552494256683641,200.0,150.0,sweep_dataset_lhs_final.csv,99304018.38211904
1098.1733723104232,6471670633.403147,829287149.8308519,100400983.68664108,6460068761.498203,901045337.392243,100500882.25386132,2.082055969473486,200.0,150.0,sweep_dataset_lhs_final.csv,100500882.25386132
648.7954125921318,3802142489.381352,494723886.72048664,35157997.38589376,3799337687.442094,482912207.8612719,35165367.63772664,0.4037676441586011,200.0,150.0,sweep_dataset_lhs_final.csv,35165367.63772664
960.4481026943228,5661278695.683874,685555419.7708447,76645599.6522558,5653755866.484163,851014245.6516889,76770165.45557977,3.1448366021340903,200.0,150.0,sweep_dataset_lhs_final.csv,76770165.45557977
626.2824261380738,3691164843.618363,471407128.2554464,32648472.736646667,3684621597.9448,515448535.4071787,32682278.752047032,2.1750561066530927,200.0,150.0,sweep_dataset_lhs_final.csv,32682278.752047032
1065.6612438712527,6278125726.575531,714698441.0109433,94190670.82867894,6278839237.83695,910260537.365027,94367145.24820323,4.230649995746333,200.0,150.0,sweep_dataset_lhs_final.csv,94367145.24820323
808.7249700941472,4765762437.896694,562342308.8142557,54305603.29356667,4761590027.448918,723887364.2151817,54403527.6351508,3.535698218482759,200.0,150.0,sweep_dataset_lhs_final.csv,54403527.6351508
944.9540425854792,5566222549.200063,719400981.8527507,74372957.69056837,5554903972.209391,794121948.3983822,74446167.36472116,1.808744966508768,200.0,150.0,sweep_dataset_lhs_final.csv,74446167.36472116
715.0361861919752,4211587870.952968,480222840.0029083,42418159.90759895,4210651654.6508408,646356563.9772747,42503438.519475006,4.000923946263249,200.0,150.0,sweep_dataset_lhs_final.csv,42503438.519475006
680.545357183125,4002174185.710082,524826373.7912266,38624946.28307209,3995147464.5924425,547964332.0005791,38649630.752898,1.1384733573567591,200.0,150.0,sweep_dataset_lhs_final.csv,38649630.752898
933.0460455771594,5500179542.827166,681672139.0752913,72384957.24548458,5490922408.01413,816661384.930369,72489369.81281736,2.752212571931283,200.0,150.0,sweep_dataset_lhs_final.csv,72489369.81281736
1023.5469594748072,6024059405.9170065,663248623.0269477,86793998.5666055,6031287775.924493,877433888.1815176,86979373.14849941,4.92059450168093,200.0,150.0,sweep_dataset_lhs_final.csv,86979373.14849941
632.0606039902435,3713669656.4020014,487511262.30523103,33333473.4990084,3707995964.058684,499062657.4867327,33350450.11019764,0.8961542950982713,200.0,150.0,sweep_dataset_lhs_final.csv,33350450.11019764
684.6653185768456,4029717273.587676,525531407.57194144,39074072.478016116,4022787625.367406,546557915.5536947,39101391.07060241,1.4208330715410655,200.0,150.0,sweep_dataset_lhs_final.csv,39101391.07060241
864.1012748420815,5094877847.785472,627626186.6407253,62063091.938911095,5088061266.134466,725902774.9542321,62148262.52528974,2.9724033059081165,200.0,150.0,sweep_dataset_lhs_final.csv,62148262.52528974
880.609362761426,5185916983.182822,577512535.8239418,64286691.12592024,5188829498.392331,753655582.2260915,64414473.80974968,4.52834074151187,200.0,150.0,sweep_dataset_lhs_final.csv,64414473.80974968
1004.7490963344204,5910166482.469894,774403448.7343597,84179514.35861112,5899465200.231638,813416915.769048,84236571.12173624,1.2118020393606208,200.0,150.0,sweep_dataset_lhs_final.csv,84236571.12173624
730.0079527732332,4294366256.4002504,561501103.4207842,44436206.92463517,4287373504.884263,577258416.5342537,44463576.38026933,1.2409670459586215,200.0,150.0,sweep_dataset_lhs_final.csv,44463576.38026933
1029.131674492806,6042757615.894283,790998019.5813687,88396405.21424206,6035412487.105806,789005581.4479448,88430580.64182594,0.7599018174818086,200.0,150.0,sweep_dataset_lhs_final.csv,88430580.64182594
652.9147599831018,3848490701.218945,485017743.951492,35465707.94677282,3841221325.4244657,564689787.2183048,35511410.71974876,2.4288086518768046,200.0,150.0,sweep_dataset_lhs_final.csv,35511410.71974876
989.8187004915588,5831687191.205072,666455815.2051289,81268125.51009873,5831895915.054423,845119980.7312241,81418686.2085381,4.176447131656322,200.0,150.0,sweep_dataset_lhs_final.csv,81418686.2085381
970.0962092055056,5714783491.184796,648269768.4504603,78048333.53189617,5715840800.139705,828932510.5782571,78196037.46193519,4.279625921754591,200.0,150.0,sweep_dataset_lhs_final.csv,78196037.46193519
610.4397647527126,3592544509.848826,395355786.3502825,30870095.48093838,3597042399.0072966,523345170.18966025,30936382.64280117,4.95131155853302,200.0,150.0,sweep_dataset_lhs_final.csv,30936382.64280117
831.6382129425277,4902148294.509832,615020523.3585491,57529704.550563805,4893133874.713497,721841072.8721312,57606371.29165773,2.520650063934164,200.0,150.0,sweep_dataset_lhs_final.csv,57606371.29165773
624.724731732778,3682317477.403488,444756481.991155,32425408.0495813,3677583156.589795,554183815.4348216,32478718.51602291,3.185899363028717,200.0,150.0,sweep_dataset_lhs_final.csv,32478718.51602291
766.1733769704199,4513690350.330193,581783426.3330281,48885693.79579262,4504505406.36388,646625067.5972633,48935794.14008924,1.8897003793030664,200.0,150.0,sweep_dataset_lhs_final.csv,48935794.14008924
1073.501394578988,6326464150.036802,736219373.3093373,95632387.08008796,6324425824.503244,914403847.8957272,95799833.69205555,3.915230343541754,200.0,150.0,sweep_dataset_lhs_final.csv,95799833.69205555
705.5947659990741,4133094527.816241,537438197.6809152,41589506.59433988,4130234068.4349694,525701326.55908406,41597504.51663464,0.3277225441299553,200.0,150.0,sweep_dataset_lhs_final.csv,41597504.51663464
952.2933103788364,5614777924.939537,685968116.7873068,75357996.8706635,5608006117.738789,802319912.6835523,75466148.62227455,3.125584283453289,200.0,150.0,sweep_dataset_lhs_final.csv,75466148.62227455
833.071758636939,4902484802.729591,539225888.2002537,57490004.67746277,4908915345.953703,714280942.8321205,57614204.26891946,4.986299852898879,200.0,150.0,sweep_dataset_lhs_final.csv,57614204.26891946
817.3761896556252,4790796241.039125,624809130.7139516,55799522.29347964,4786669611.613964,615737023.3862265,55813257.42816667,0.4218595726033328,200.0,150.0,sweep_dataset_lhs_final.csv,55813257.42816667
605.5508996819316,3564595561.207526,464394013.37221485,30562334.679526035,3558387051.3207173,484750105.560349,30584495.64015531,1.4774971040732126,200.0,150.0,sweep_dataset_lhs_final.csv,30584495.64015531
769.0588960053952,4530710679.6368685,584697143.976931,49259530.80574648,4522502692.674162,626015518.5107939,49303803.60450724,1.863314444170121,200.0,150.0,sweep_dataset_lhs_final.csv,49303803.60450724
725.3192258072312,4252287903.978945,555178183.1872102,43934735.29952791,4248332615.195025,548876980.7858636,43946557.903163224,0.4622781755371511,200.0,150.0,sweep_dataset_lhs_final.csv,43946557.903163224
939.3122323354106,5501635505.151076,715066781.2996827,73706361.81393294,5497961215.6832285,698737649.6577711,73719987.98413004,0.3148036994020419,200.0,150.0,sweep_dataset_lhs_final.csv,73719987.98413004
883.0745535946123,5205599855.068968,645642615.7529998,64840658.36839743,5196785341.101671,772565334.3703427,64933776.1542046,2.738710355921221,200.0,150.0,sweep_dataset_lhs_final.csv,64933776.1542046
1041.7289208432885,6140593436.873362,769511792.6919109,90264059.47907025,6129384109.991779,904973466.7273448,90385328.13810766,2.5433629207083595,200.0,150.0,sweep_dataset_lhs_final.csv,90385328.13810766
860.9008842484795,5075365429.895107,609201276.6438279,61555162.12262045,5070784920.697292,728948785.929816,61651123.08953947,3.431163481804871,200.0,150.0,sweep_dataset_lhs_final.csv,61651123.08953947
997.3067856115996,5880248515.156312,721383259.451482,82661404.99323454,5872762911.589329,839067619.7485633,82777476.38499431,3.0498749234969345,200.0,150.0,sweep_dataset_lhs_final.csv,82777476.38499431
838.5609278473175,4925365558.410376,645010078.5959171,58681435.15790595,4919001337.766268,646195643.9581925,58706132.18725007,0.830371269519468,200.0,150.0,sweep_dataset_lhs_final.csv,58706132.18725007
762.5555882197997,4483567777.704834,587018849.9332415,48501187.83098154,4476727169.829326,597719838.6135905,48527615.47161619,1.0896265266794711,200.0,150.0,sweep_dataset_lhs_final.csv,48527615.47161619
723.6707813360664,4265732419.848825,504859329.3749202,43478182.37766903,4262982575.992526,614637798.4994233,43549902.77234179,3.658160335115576,200.0,150.0,sweep_dataset_lhs_final.csv,43549902.77234179
1025.357544264275,6039463265.0824175,689149398.6315439,87227506.77477537,6038033622.989312,926705611.6146896,87402507.20369488,3.9914468762315134,200.0,150.0,sweep_dataset_lhs_final.csv,87402507.20369488
650.5788890620427,3832610807.296706,494845044.8916939,35252035.11037601,3825668399.124179,529235576.8196427,35283462.156693496,1.846930227083109,200.0,150.0,sweep_dataset_lhs_final.csv,35283462.156693496
618.1914359944927,3638422533.091258,400071104.6154502,31678321.51601015,3640706867.151177,563619685.5925679,31749141.748964347,4.518446603174119,200.0,150.0,sweep_dataset_lhs_final.csv,31749141.748964347
1038.6475377760344,6114457400.082135,796153675.5952498,89908034.86967938,6103747985.294489,832567944.5986687,89974379.37304088,1.5055538130833248,200.0,150.0,sweep_dataset_lhs_final.csv,89974379.37304088
642.318518146313,3761182563.876269,487585812.87955046,34468250.18207426,3759151885.066977,475803128.0473621,34473353.75521889,0.2831040784477909,200.0,150.0,sweep_dataset_lhs_final.csv,34473353.75521889
973.2882631505312,5733611803.0462475,660379413.7181164,78609767.13252553,5731210216.708537,877549822.5971941,78763229.43575518,3.869122584414686,200.0,150.0,sweep_dataset_lhs_final.csv,78763229.43575518
677.292806431369,3975673024.194545,520118085.60000205,38291287.109894685,3971128158.483167,516827889.5618947,38304926.851298586,0.697758956572454,200.0,150.0,sweep_dataset_lhs_final.csv,38304926.851298586
794.3596977682992,4674298287.799838,610389269.0066384,52605832.02945625,4666434180.163566,631492748.8185219,52640640.58861198,1.339525004502802,200.0,150.0,sweep_dataset_lhs_final.csv,52640640.58861198
922.95030236736,5437352027.516369,628396858.2157209,70694243.95304835,5434716344.133267,831393440.2979116,70830825.19222231,3.823581388998031,200.0,150.0,sweep_dataset_lhs_final.csv,70830825.19222231
822.2444207223157,4836157640.173498,528347951.936848,56007251.67956302,4842540420.293661,753358154.3506014,56141510.7645002,4.897189740825021,200.0,150.0,sweep_dataset_lhs_final.csv,56141510.7645002
679.6617256277344,3985463246.82894,520794040.7630972,38574712.129633054,3981520718.268482,516354186.38617635,38585873.89892996,0.4981208951420574,200.0,150.0,sweep_dataset_lhs_final.csv,38585873.89892996
829.4971089951478,4889006574.336843,623762902.6881465,57270511.64958287,4880374336.6047735,683284300.3306909,57330475.44310877,2.2017687555429246,200.0,150.0,sweep_dataset_lhs_final.csv,57330475.44310877
778.7977878599487,4589621143.991536,543744476.9729589,50365852.89105711,4585266394.3031435,696128737.53402,50455350.59798906,3.4775240636162237,200.0,150.0,sweep_dataset_lhs_final.csv,50455350.59798906
672.2965012294338,3963090208.7678256,488247615.71830255,37573489.04819713,3956756871.535357,590522916.068582,37629558.93530666,2.858332501579723,200.0,150.0,sweep_dataset_lhs_final.csv,37629558.93530666
853.57201563338,5025201999.805635,557700250.7187091,60412565.27265861,5026810135.709098,776115683.719052,60542947.90779826,4.339179264112273,200.0,150.0,sweep_dataset_lhs_final.csv,60542947.90779826
804.3911974253649,4731348739.695278,517104639.9531304,53603482.21875017,4737393997.641457,736808527.3230132,53731474.18750539,4.87494482031858,200.0,150.0,sweep_dataset_lhs_final.csv,53731474.18750539
1037.0116828437956,6090892522.913695,799392486.2630666,89742738.59405994,6082134015.559948,813145200.5533801,89784606.41147438,0.8175029081880469,200.0,150.0,sweep_dataset_lhs_final.csv,89784606.41147438
776.2141035077,4566848618.281653,500424293.1941056,49926163.243748285,4571424332.833095,709703348.1066236,50042233.09929943,4.726853188364198,200.0,150.0,sweep_dataset_lhs_final.csv,50042233.09929943
920.680111882903,5426629157.975148,685583844.3006531,70526746.11406761,5416243404.209767,794625818.1330117,70615885.24219505,2.377402771427247,200.0,150.0,sweep_dataset_lhs_final.csv,70615885.24219505
912.8625611288784,5379536791.967311,686771704.2683544,69364188.96729083,5368781028.757022,779888444.3944396,69443899.14362758,2.141249091728439,200.0,150.0,sweep_dataset_lhs_final.csv,69443899.14362758
991.1653468964612,5842596344.344952,731080275.6050102,81709919.96054877,5832035047.010689,861987088.6160218,81820829.840386,2.57247515903484,200.0,150.0,sweep_dataset_lhs_final.csv,81820829.840386
754.3970258025097,4443901071.955442,574434869.8236871,47404174.35453763,4435858293.303784,612717327.7025679,47445588.292178385,1.8067634689906424,200.0,150.0,sweep_dataset_lhs_final.csv,47445588.292178385
628.112411502672,3695172015.395213,404569060.9917961,32689244.57350729,3699204696.6351223,574644690.475966,32765916.30079651,4.77533348063114,200.0,150.0,sweep_dataset_lhs_final.csv,32765916.30079651
633.0344074084378,3732408617.470812,464134870.71541256,33319580.289581414,3726895150.8569145,529725098.55297154,33362762.615506873,2.7882334630417973,200.0,150.0,sweep_dataset_lhs_final.csv,33362762.615506873
756.4152227158168,4431148245.2301655,575597060.4563065,47794993.52069808,4428296124.523219,559889478.2497265,47803584.128459394,0.3449672717231357,200.0,150.0,sweep_dataset_lhs_final.csv,47803584.128459394
823.3438226265258,4853781169.030588,580343298.5337143,56295399.675671406,4849740307.92079,697788145.3284007,56384604.69182165,3.4951217272796953,200.0,150.0,sweep_dataset_lhs_final.csv,56384604.69182165
975.038233124231,5721780750.686747,748038478.6669114,79367042.16498417,5715640526.949405,740728804.5577345,79393097.28353854,0.6410354707873258,200.0,150.0,sweep_dataset_lhs_final.csv,79393097.28353854
1019.407879359016,6003083870.644301,667204226.5768551,86145366.46590008,6006697450.643187,872565313.9870554,86317442.63763024,4.5541159653763055,200.0,150.0,sweep_dataset_lhs_final.csv,86317442.63763024
1086.1708917848318,6402153436.502941,772194102.2633462,98013934.99415196,6394070918.312984,964105712.7815636,98176054.7987902,3.2075871880092404,200.0,150.0,sweep_dataset_lhs_final.csv,98176054.7987902
1049.9034772369262,6178448314.397854,806499932.0839697,91891916.81908262,6167978056.183483,835735835.3859353,91953788.6392788,1.364695092213758,200.0,150.0,sweep_dataset_lhs_final.csv,91953788.6392788
983.1630403304836,5788472990.893811,639423255.4950708,80110258.61124732,5793230000.166763,842104545.8461127,80274470.69066629,4.692083254354755,200.0,150.0,sweep_dataset_lhs_final.csv,80274470.69066629
999.8646415273564,5894004020.053644,734059952.3623979,83137089.65871096,5883697687.037602,872396409.9380885,83253475.10608502,2.6621169632638937,200.0,150.0,sweep_dataset_lhs_final.csv,83253475.10608502
945.0212404157296,5564931890.417135,722561672.1289412,74411364.91278091,5554988230.235421,762021028.7547421,74470640.4668989,1.6349066201744709,200.0,150.0,sweep_dataset_lhs_final.csv,74470640.4668989
1068.284101092605,6291142963.058998,816330766.5879763,95084097.00636244,6279868058.501745,862422386.6384124,95160985.2167086,1.6616158341780871,200.0,150.0,sweep_dataset_lhs_final.csv,95160985.2167086
662.5372372919006,3903529794.7299337,453861871.0461235,36434172.21542229,3901187083.0449657,595792268.6402211,36503238.84913013,3.7419185571435984,200.0,150.0,sweep_dataset_lhs_final.csv,36503238.84913013
840.3788468825483,4950126258.726088,558257546.9216198,58563416.115589656,4951628435.852035,718489585.7040304,58676044.1593148,4.359533361727031,200.0,150.0,sweep_dataset_lhs_final.csv,58676044.1593148
1084.6487052191417,6394900342.653235,774944014.0418146,97736668.25798348,6388060489.496714,916099571.9834976,97882660.83545576,3.269524348146516,200.0,150.0,sweep_dataset_lhs_final.csv,97882660.83545576
646.9978128215503,3801238882.043199,497897657.07158214,34928705.7442618,3796084361.96348,500776886.0822375,34944472.30622623,0.8935934201702913,200.0,150.0,sweep_dataset_lhs_final.csv,34944472.30622623
878.2329532075527,5174780375.223591,663771644.8688836,64215478.94890774,5164308726.845652,746120565.6451803,64285513.78098676,2.022243971105724,200.0,150.0,sweep_dataset_lhs_final.csv,64285513.78098676
788.7209595780081,4649306754.739059,551640480.8191592,51649415.50779137,4646091858.9578705,669552556.5881925,51733802.66046134,3.618576151999688,200.0,150.0,sweep_dataset_lhs_final.csv,51733802.66046134
781.0214774499802,4601933073.125438,591982867.1101335,50794164.91613076,4593614145.878127,638232240.8118689,50842144.0368047,1.9670195112094448,200.0,150.0,sweep_dataset_lhs_final.csv,50842144.0368047
1081.9751659457013,6372408750.130546,825768376.8584421,97520842.10309236,6359504984.587259,905077085.1527056,97612694.75024314,1.7243251632978578,200.0,150.0,sweep_dataset_lhs_final.csv,97612694.75024314
851.3981241928341,5008371942.560478,547940845.5790424,60057203.35352809,5014230807.917211,779328983.6581248,60199142.394371815,4.817511699562313,200.0,150.0,sweep_dataset_lhs_final.csv,60199142.394371815
868.1545025552261,5116291449.391169,655060537.8799274,62743883.49662981,5107142088.100496,712886680.6158265,62806960.99210384,2.105722857496427,200.0,150.0,sweep_dataset_lhs_final.csv,62806960.99210384
896.8741077622273,5263878431.770972,688431558.3012488,67148173.95561068,5258037538.899621,682921573.4720647,67171183.13586555,0.6701977170317144,200.0,150.0,sweep_dataset_lhs_final.csv,67171183.13586555
847.5757366540308,4988833508.062179,651183773.411236,59876382.60815113,4979146236.48074,696990646.740988,59924091.59996353,1.440098588135378,200.0,150.0,sweep_dataset_lhs_final.csv,59924091.59996353
742.0877558682714,4356717431.583288,571387978.6743051,45964974.0102301,4350975778.992628,576753992.2617986,45984006.43468115,0.721827740255059,200.0,150.0,sweep_dataset_lhs_final.csv,45984006.43468115
1010.2951917255832,5956273401.709865,717402289.9010798,84780848.4674398,5950534121.95764,854708758.8252238,84911055.64957774,3.373656809252763,200.0,150.0,sweep_dataset_lhs_final.csv,84911055.64957774
814.6020554054409,4785251609.75802,626732555.8844265,55372898.6933147,4778924748.34973,629022139.781947,55396984.17385609,0.8595301601886152,200.0,150.0,sweep_dataset_lhs_final.csv,55396984.17385609
937.3872476474075,5525325871.363063,668697781.7543795,73007980.87700438,5518037559.356693,830801853.048499,73126949.61751184,3.154209360797192,200.0,150.0,sweep_dataset_lhs_final.csv,73126949.61751184
703.9580960253777,4145292843.079758,459704335.2456331,41077951.21364273,4147977102.292141,602645947.0218985,41160456.88474675,4.583070281744337,200.0,150.0,sweep_dataset_lhs_final.csv,41160456.88474675
772.3652835525269,4546272911.003895,500376186.85506046,49454482.722542286,4548648789.042949,703560980.2601296,49563756.740646355,4.458028488942464,200.0,150.0,sweep_dataset_lhs_final.csv,49563756.740646355
1051.3771951185545,6189270336.452686,684124502.4418598,91649162.52483764,6191759598.685065,956698828.0553104,91848890.15018296,4.387811984242706,200.0,150.0,sweep_dataset_lhs_final.csv,91848890.15018296
745.6652097800281,4378918804.13689,574578611.3176211,46403741.604657724,4372823134.368477,582687314.1579441,46424433.12561978,0.7797763616062132,200.0,150.0,sweep_dataset_lhs_final.csv,46424433.12561978
885.926627912919,5223522641.793897,647892837.9353188,65253071.89187967,5215998305.4808445,742186396.7354084,65339036.82094086,2.8396797184866895,200.0,150.0,sweep_dataset_lhs_final.csv,65339036.82094086
710.4340790904384,4180079006.196494,547000977.2919192,42078619.35028088,4172261745.7165527,578878390.1463544,42109149.88991912,1.3029061497974967,200.0,150.0,sweep_dataset_lhs_final.csv,42109149.88991912
888.3213877187029,5227734024.239328,575114555.7089578,65369774.611121215,5234474893.227102,761626043.2635659,65510679.59319645,4.973283637542244,200.0,150.0,sweep_dataset_lhs_final.csv,65510679.59319645
1044.454972692733,6155533927.690928,782794397.6170934,90788512.32059143,6143394652.693504,895959293.3044498,90896891.3012021,2.2325842337206394,200.0,150.0,sweep_dataset_lhs_final.csv,90896891.3012021
929.1490958710216,5477069806.263687,684470116.3097477,71801589.50098418,5467254709.035363,808790313.8800915,71899892.18058853,2.5971237479601657,200.0,150.0,sweep_dataset_lhs_final.csv,71899892.18058853
1079.8014968248444,6365959891.42976,765334983.334451,96842481.0041904,6360033389.564913,913937848.6741284,96992417.4447052,3.4045629347802477,200.0,150.0,sweep_dataset_lhs_final.csv,96992417.4447052
688.1946632257474,4056044085.6570783,514804310.475143,39412957.80860907,4048109120.015706,591473151.829665,39460848.951687686,2.2765292741303043,200.0,150.0,sweep_dataset_lhs_final.csv,39460848.951687686
891.5316041795454,5240964670.251772,687818378.6825018,66300926.93995486,5232246127.454755,711868546.36089,66339504.99603557,1.0309764422765078,200.0,150.0,sweep_dataset_lhs_final.csv,66339504.99603557
1020.5990463849656,5998625712.129038,787402887.5329022,86895542.52104706,5988918098.9424,811792144.3812454,86943891.60116671,0.9834836571495876,200.0,150.0,sweep_dataset_lhs_final.csv,86943891.60116671
721.2417546044883,4249801256.4297423,544901932.6992968,43308529.0559507,4241208296.247683,613058866.7586735,43355989.04570131,2.0328482278316304,200.0,150.0,sweep_dataset_lhs_final.csv,43355989.04570131
1005.730372917096,5924225930.002359,678631174.2851645,83927328.44206409,5922372041.149715,908086478.433104,84093835.57992771,3.94087002784425,200.0,150.0,sweep_dataset_lhs_final.csv,84093835.57992771
698.8176052100757,4119195029.806945,517313796.9866324,40622516.5142107,4111572662.4689136,606087522.0879726,40676260.11757857,2.5004697321304867,200.0,150.0,sweep_dataset_lhs_final.csv,40676260.11757857
910.3807444818732,5360042186.417538,697678476.980312,69062564.4352632,5349385779.933537,754388660.5816064,69121932.25375105,1.5624061306918058,200.0,150.0,sweep_dataset_lhs_final.csv,69121932.25375105
1095.3424738825568,6458313016.206388,796884641.5788431,99730427.63054456,6449510546.157429,919584482.7122258,99866009.68453836,2.941282946115987,200.0,150.0,sweep_dataset_lhs_final.csv,99866009.68453836
1056.3546996073342,6222923264.142044,716507630.7153896,92599772.14729685,6220355287.592167,952526563.0262034,92780720.04037352,3.873369138306949,200.0,150.0,sweep_dataset_lhs_final.csv,92780720.04037352
926.2598027179806,5460222823.647373,649627976.2543935,71238793.39057778,5456171225.532854,785865760.0926111,71353953.59068394,3.5751070412723154,200.0,150.0,sweep_dataset_lhs_final.csv,71353953.59068394
733.4526693695395,4320548329.496097,488912569.80368686,44612220.49938538,4321561805.788712,626874166.5638468,44697225.05393957,4.313262077357962,200.0,150.0,sweep_dataset_lhs_final.csv,44697225.05393957
1060.2083175430264,6220562599.957338,812882737.2342931,93844079.9233163,6214137138.971994,803407409.6496595,93873438.73509663,0.6098152369932544,200.0,150.0,sweep_dataset_lhs_final.csv,93873438.73509663
1072.470857145292,6310982812.402328,692718186.009679,95325469.80754095,6316152685.781969,979272331.6436307,95542987.70556204,4.626216027927259,200.0,150.0,sweep_dataset_lhs_final.csv,95542987.70556204
636.8536676305868,3754947100.454026,459500669.35545194,33704638.443575315,3750318216.397407,536267178.32304907,33752601.034870565,3.095874994824279,200.0,150.0,sweep_dataset_lhs_final.csv,33752601.034870565
952.7009692909744,5617201563.41235,697882303.7867812,75464746.62619016,5608975880.085945,797546449.608188,75563122.22900459,2.806464140549529,200.0,150.0,sweep_dataset_lhs_final.csv,75563122.22900459
1015.2211062860472,5976928851.516232,778518633.4618789,85889802.29914588,5965102041.486166,839796972.0686586,85962378.63219649,1.533820105546874,200.0,150.0,sweep_dataset_lhs_final.csv,85962378.63219649
918.804833833536,5410807857.615223,610303927.9062539,70022918.11681844,5410770701.484714,832645819.8383427,70167945.84954758,4.139266208760046,200.0,150.0,sweep_dataset_lhs_final.csv,70167945.84954758
751.2487168757575,4427866029.23316,519905331.4922444,46845307.658861645,4425676081.256785,638990168.0085864,46924856.8104322,3.780874080506758,200.0,150.0,sweep_dataset_lhs_final.csv,46924856.8104322
827.030280276284,4873161456.647572,626483310.7780963,56952840.521050714,4864360649.068171,676298196.4914328,57007116.445990294,1.9861615699697752,200.0,150.0,sweep_dataset_lhs_final.csv,57007116.445990294
903.8587068965004,5329292622.307884,658033246.7846527,67910838.89653538,5321972717.30503,758619284.5651815,68002788.24112983,2.9279338917411386,200.0,150.0,sweep_dataset_lhs_final.csv,68002788.24112983
906.698560371024,5343067786.44757,685417719.5352603,68445861.74697173,5333461286.231102,743131673.2065787,68513017.88966474,2.0503851098045236,200.0,150.0,sweep_dataset_lhs_final.csv,68513017.88966474
798.257005331806,4706417406.049237,588555313.041129,52993158.917008035,4699105070.857275,666185729.9386367,53059262.58552978,2.672004473114655,200.0,150.0,sweep_dataset_lhs_final.csv,53059262.58552978
1031.144464817136,6075414816.094103,707451924.9108474,88255702.74613851,6071594773.596224,926854004.5356292,88422192.13742054,3.7212726100783153,200.0,150.0,sweep_dataset_lhs_final.csv,88422192.13742054
1088.03125893432,6382592856.008566,835235099.7728655,98841129.41742855,6375588017.811532,832668694.4374243,98873547.91522951,0.5668556553002335,200.0,150.0,sweep_dataset_lhs_final.csv,98873547.91522951
785.1758766831892,4627310316.713582,549280390.0529194,51196723.730081975,4622757008.753422,701341041.7882781,51287038.18326279,3.449040793426008,200.0,150.0,sweep_dataset_lhs_final.csv,51287038.18326279
968.6518358151808,5697144625.681677,745376437.3295816,78246823.47789443,5688079079.743092,763421714.264783,78292861.81781645,1.1820261592204546,200.0,150.0,sweep_dataset_lhs_final.csv,78292861.81781645
964.461683683248,5685689401.08606,718209496.2303487,77388652.59073323,5676169126.820531,800288732.4121418,77477892.00210541,2.4489728659905876,200.0,150.0,sweep_dataset_lhs_final.csv,77477892.00210541
660.4608449685712,3893279012.654674,462291853.0090886,36217778.80649873,3890531536.5010414,560583736.7739832,36276778.03141398,3.606429140586018,200.0,150.0,sweep_dataset_lhs_final.csv,36276778.03141398
666.1778330722261,3919279056.20677,429283593.8971011,36772888.54220989,3923383075.593818,609286523.6945989,36858764.13847197,4.751421564125973,200.0,150.0,sweep_dataset_lhs_final.csv,36858764.13847197
978.3729342128278,5768098272.456323,695131298.9233756,79509166.37105298,5762482797.274181,827581384.6921015,79630971.19692446,3.364105246731547,200.0,150.0,sweep_dataset_lhs_final.csv,79630971.19692446
957.1367892605508,5635676186.281269,733022799.1455934,76334498.13971016,5624423810.967473,794501237.1260327,76401232.73406668,1.5910279283288322,200.0,150.0,sweep_dataset_lhs_final.csv,76401232.73406668
1046.537203145604,6162434390.09209,800552251.3576477,91260615.2411071,6151453200.593974,843056856.9493924,91332408.19607264,1.6129616566196094,200.0,150.0,sweep_dataset_lhs_final.csv,91332408.19607264
614.5302362666395,3622555314.09101,450231074.9550633,31402828.977154013,3616319908.598091,536918739.8236485,31447363.926232327,2.7007303860204184,200.0,150.0,sweep_dataset_lhs_final.csv,31447363.926232327
876.8503874335527,5159377737.947704,565813594.8603132,63716334.28575594,5164095605.0957365,801216538.3730375,63863161.03344485,4.678925458524088,200.0,150.0,sweep_dataset_lhs_final.csv,63863161.03344485
967.2385601415302,5697190498.312311,737063850.350858,77926727.32322386,5685618743.964911,811478068.536882,78002212.717896,1.7775085254443082,200.0,150.0,sweep_dataset_lhs_final.csv,78002212.717896
749.5275552782953,4414533616.014077,571818029.3243854,46797934.12438529,4405586092.872337,627467721.4164842,46842339.30955011,1.7381858166417308,200.0,150.0,sweep_dataset_lhs_final.csv,46842339.30955011
796.0745758010856,4690486373.440982,546881534.1606102,52604679.86841168,4687423838.526095,715286685.9394661,52703503.17302596,3.7037170766581777,200.0,150.0,sweep_dataset_lhs_final.csv,52703503.17302596
893.8617885004791,5270348111.889062,648712006.0950065,66409942.7799651,5263363431.778993,751133694.4153159,66501501.18091555,2.9878484429610603,200.0,150.0,sweep_dataset_lhs_final.csv,66501501.18091555
674.0638350143387,3954922259.041546,517862212.3555527,37933782.97521219,3950377605.356798,517690062.71523774,37946952.48956848,0.6011799063457699,200.0,150.0,sweep_dataset_lhs_final.csv,37946952.48956848
686.8268798409281,4044756958.045791,456607844.878459,39128757.98196927,4044660900.834672,622304560.861544,39209617.28289031,4.128631334945474,200.0,150.0,sweep_dataset_lhs_final.csv,39209617.28289031
857.1464935538984,5051250968.856923,586442408.8455946,60965545.51451236,5049854770.673866,730366257.2383782,61073119.451832265,3.949877898235859,200.0,150.0,sweep_dataset_lhs_final.csv,61073119.451832265
694.6630542821093,4093721519.172817,522387647.6747877,40166532.52362542,4085548108.745275,593762744.055272,40212900.60967187,2.151953944490186,200.0,150.0,sweep_dataset_lhs_final.csv,40212900.60967187
656.2444724212445,3856785816.207829,506283761.9545568,35928355.70493076,3850627764.260204,521044927.7925223,35947926.60981986,0.96175637213127,200.0,150.0,sweep_dataset_lhs_final.csv,35947926.60981986
805.1939399254965,4713302095.4903,609940223.5106472,54170623.54491864,4711156584.165453,597218686.2271138,54177292.51341149,0.2346803151085444,200.0,150.0,sweep_dataset_lhs_final.csv,54177292.51341149
643.0797704715161,3790781927.4125233,473501586.9198601,34394225.34024823,3784011881.310264,559971591.7203957,34441468.57165781,2.606576911578669,200.0,150.0,sweep_dataset_lhs_final.csv,34441468.57165781
783.9469892971281,4620287575.236092,587106559.548032,51145902.83607115,4611204092.654942,673002840.5268652,51207395.069688894,2.2501355179763216,200.0,150.0,sweep_dataset_lhs_final.csv,51207395.069688894
1007.8204386080506,5938768784.949598,686186735.9697896,84273201.19307566,5937685566.028366,859327478.8921256,84424202.47524552,4.019800541377234,200.0,150.0,sweep_dataset_lhs_final.csv,84424202.47524552
773.5883152004137,4541942373.603469,595755598.6364444,49948746.72442621,4535878146.873711,601989170.6475286,49969791.60391195,0.7350225890519995,200.0,150.0,sweep_dataset_lhs_final.csv,49969791.60391195
993.017773901664,5854947944.554422,717617449.7562567,81949513.45297725,5847580840.032365,835727209.2735863,82065156.70789456,3.0668807935237847,200.0,150.0,sweep_dataset_lhs_final.csv,82065156.70789456
957.8616934934284,5645646264.1667,714524674.4131052,76343528.01728177,5634744734.197222,825417758.5516598,76438611.0127961,2.3391958216045174,200.0,150.0,sweep_dataset_lhs_final.csv,76438611.0127961
738.5682469282074,4327960445.343825,563887105.7235497,45561580.126493126,4324489421.700865,554210573.0747427,45571916.56827818,0.3880289113586751,200.0,150.0,sweep_dataset_lhs_final.csv,45571916.56827818
867.3276983740294,5113878089.176316,633441157.8884094,62539090.655226335,5106612030.870143,727019902.2959127,62622169.42279241,2.866233066266044,200.0,150.0,sweep_dataset_lhs_final.csv,62622169.42279241
695.7485947390936,4101113151.203505,521146413.44447374,40283263.45561647,4094005139.4045143,574938987.5485153,40327235.481622025,2.305045222670299,200.0,150.0,sweep_dataset_lhs_final.csv,40327235.481622025
1058.111392452083,6236405287.2001,790253624.9089911,93164505.3045034,6224293417.8045025,910794603.900173,93279341.53182234,2.312643152882764,200.0,150.0,sweep_dataset_lhs_final.csv,93279341.53182234
1064.3909052293586,6275315247.828216,757724983.04735,94109894.69578417,6268993045.374504,899881672.3624417,94252819.27002443,3.3312386399125726,200.0,150.0,sweep_dataset_lhs_final.csv,94252819.27002443
986.6300470961024,5805222926.47923,758369338.7833229,81157969.9840924,5795538301.957632,783198574.3067496,81210633.38979205,1.311901274074947,200.0,150.0,sweep_dataset_lhs_final.csv,81210633.38979205
617.3083624950676,3636930877.449538,415301891.89344007,31608586.14386725,3637119486.352094,527113142.5595263,31667283.122519303,4.187701278423751,200.0,150.0,sweep_dataset_lhs_final.csv,31667283.122519303
810.7609027419561,4773771886.892818,527676064.7080661,54482384.456736326,4777335868.162722,694289939.6695235,54593099.95954616,4.645334189018772,200.0,150.0,sweep_dataset_lhs_final.csv,54593099.95954616
872.8726316308885,5134294920.254541,672815631.9511691,63533166.40874479,5125030983.197888,706195083.8729573,63575931.225477144,1.2028970771393348,200.0,150.0,sweep_dataset_lhs_final.csv,63575931.225477144
835.3441861618556,4919846125.160394,637608732.6336458,58133350.05838885,4910988957.051346,675789863.0940441,58181641.00694591,1.7106917654754,200.0,150.0,sweep_dataset_lhs_final.csv,58181641.00694591
1033.4845753783443,6059414969.978872,789938293.8722656,89196236.1126389,6054231251.779807,774690226.3066688,89218438.67389268,0.4816446812606442,200.0,150.0,sweep_dataset_lhs_final.csv,89218438.67389268
658.9568116015383,3882312004.2464666,499584041.8859285,36157961.80551266,3874419785.5626793,557452639.9143028,36195851.99587779,1.936025348479861,200.0,150.0,sweep_dataset_lhs_final.csv,36195851.99587779
